{
	"A":0,
	"R_0":3.431171864422655e3,
	"PP":1,
	"PI":1,
	"c":[
		0.073771506945254117,
		-0.000065922679476280403,
		-0.20629621396601955,
		-0.082761407505193983,
		0.15649304381536488,
		-0.16696383675397104,
		-0.0073134009381073968,
		0.044277338224288954,
		0.27997811875676208,
		-0.14440348609961524,
		-0.031334584998879283,
		0.0054326819502266828
	],
	"elongation":1.5499999999999998,
	"equilibrium":"solovev",
	"inverseaspectratio":0.4011976047904192,
	"triangularity":0.5
}