{
	"A":0,
	"R_0":3.431171864422655e3,
	"PP":1,
	"PI":1,
	"c":[
		0.072024385221076241,
		-0.067723573568764447,
		-0.14399323180231698,
		-0.055647814800642644,
		0.11325440031211615,
		-0.12621444748422927,
		-0.0055272303904410498,
		0,
		0,
		0,
		0,
		0
	],
	"elongation":1.65,
	"equilibrium":"solovev",
	"inverseaspectratio":0.4011976047904192,
	"triangularity":0.5
}