{
	"A":0,
	"R_0":3.431171864422655e3,
	"PP":1,
	"PI":1,
	"c":[
		0.071867455827795847,
		-0.094407037378461689,
		-0.12580010658735090,
		-0.062671852347521380,
		0.086972354176363666,
		-0.092800807194053084,
		-0.0039947183627502133,
		-0.012959211867921369,
		-0.11643425249275610,
		0.052991210537058741,
		0.012490032360053819,
		-0.0021206891160344583
	],
	"elongation":-1.65,
	"equilibrium":"solovev",
	"inverseaspectratio":0.4011976047904192,
	"triangularity":0.5
}